{"red": [[0.0, 0.0, 0.0], [0.2, 0.1796875, 0.1796875], [0.4, 0.3671875, 0.3671875], [0.6, 0.5546875, 0.5546875], [0.8, 0.74609375, 0.74609375], [1.0, 1.0, 1.0]], "green": [[0.0, 0.0, 0.0], [0.2, 0.1640625, 0.1640625], [0.4, 0.34375, 0.34375], [0.6, 0.58984375, 0.58984375], [0.8, 0.8046875, 0.8046875], [1.0, 1.0, 1.0]], "blue": [[0.0, 0.0, 0.0], [0.2, 0.2109375, 0.2109375], [0.4, 0.4296875, 0.4296875], [0.6, 0.63671875, 0.63671875], [0.8, 0.8203125, 0.8203125], [1.0, 1.0, 1.0]]}